{
    "successCode":"OK",
    "successMessage":"Daten erfolgreich speichern",
    "errorCode":"Fehler",
    "error_1553934614":"Der API-Schlüssel darf nicht leer sein",
    "error_1553935786":"Ihr API Key für releva.nz fehlerhaft.",
    "error_1553935569":"Ihr API Key für releva.nz fehlerhaft.",
    "error_1553935480":"Kann keine Verbindung zum releva.nz API-Server herstellen.",
    "relevanzUserID":"releva.nz User ID",
    "relevanzApiKey":"releva.nz API Key",
    "relevanzButtonClientTest":"Jetzt API Key testen",
    "relevanzButtonClientRegister":"Noch nicht registriert? Jetzt nachholen",
    "relevanzAlternativeCookieCheckJs":"Alternatives Cookie Consent JS (Experteneinstellung)"
}
