{
    "successCode":"OK",
    "successMessage":"Succesfully save data",
    "errorCode":"Error",
    "error_1553934614":"API Key can not be empty",
    "error_1553935786":"The API key cannot be verified. Please make sure that the API key is correct.",
    "error_1553935569":"The API key cannot be verified. Please make sure that the API key is correct.",
    "error_1553935480":"Unable to connect to releva.nz API-Server.",
    "relevanzUserID":"releva.nz User ID",
    "relevanzApiKey":"releva.nz API Key",
    "relevanzButtonClientTest":"Test API Key now",
    "relevanzButtonClientRegister":"Not registered yet? Now catch up",
    "relevanzAlternativeCookieCheckJs":"Alternative cookie consent JS (Expert-Setting)"
}
